system,power,Bending Modulus
nile red doped,100,1.86E-19
nile red doped,100,1.58E-19
nile red doped,100,1.34E-19
nile red doped,100,1.54E-19
nile red doped,100,2.21E-19
nile red doped,100,2.27E-19
nile red doped,100,2.21E-19
nile red doped,100,2.23E-19
nile red doped,100,1.87E-19
nile red doped,100,7.25E-20
nile red doped,100,2.73E-19
nile red doped,100,2.87E-19
nile red doped,100,3.27E-19
nile red doped,100,2.33E-19
undoped,100,1.14E-19
undoped,100,2.09E-19
undoped,100,2.74E-19
undoped,100,1.49E-19
undoped,100,7.65E-20
undoped,100,6.07E-19
undoped,100,2.85E-19
undoped,100,1.39E-19
undoped,100,1.37E-19
undoped,100,1.33E-19
undoped,100,3.05E-19
undoped,100,3.33E-19
undoped,100,1.15E-19
Rhodamine doped,100,2.38E-19
Rhodamine doped,100,1.23E-19
Rhodamine doped,100,1.34E-19
Rhodamine doped,100,1.48E-19
Rhodamine doped,100,2.28E-19
Rhodamine doped,100,7.26E-20
Rhodamine doped,100,1.12E-19
Rhodamine doped,100,1.02E-19
Rhodamine doped,100,6.64E-20
Rhodamine doped,100,2.45E-19
Rhodamine doped,100,7.25E-20
Rhodamine doped,100,2.91E-19
Rhodamine doped,100,1.80E-19
Rhodamine doped,100,1.57E-19
nile red doped,200,3.05E-19
nile red doped,200,2.38E-19
nile red doped,200,1.64E-19
nile red doped,200,3.19E-19
nile red doped,200,2.49E-19
nile red doped,200,4.07E-19
nile red doped,200,4.51E-19
nile red doped,200,4.69E-19
nile red doped,200,3.43E-19
nile red doped,200,1.72E-19
nile red doped,200,8.49E-19
nile red doped,200,7.99E-19
nile red doped,200,5.70E-19
undoped,200,4.69E-19
undoped,200,2.28E-19
undoped,200,3.96E-19
undoped,200,6.13E-19
undoped,200,1.99E-19
undoped,200,2.05E-19
undoped,200,1.18E-18
undoped,200,5.09E-19
undoped,200,2.61E-19
undoped,200,2.61E-19
undoped,200,2.36E-19
undoped,200,4.68E-19
undoped,200,5.75E-19
Rhodamine doped,200,2.31E-19
Rhodamine doped,200,2.69E-19
Rhodamine doped,200,3.39E-19
Rhodamine doped,200,2.74E-19
Rhodamine doped,200,2.88E-19
Rhodamine doped,200,7.13E-19
Rhodamine doped,200,3.09E-19
Rhodamine doped,200,1.63E-19
Rhodamine doped,200,1.86E-19
Rhodamine doped,200,1.18E-19
Rhodamine doped,200,4.74E-19
Rhodamine doped,200,1.72E-19
Rhodamine doped,200,3.97E-19
Rhodamine doped,200,4.15E-19
Rhodamine doped,200,3.88E-19
nile red doped,300,4.51E-19
nile red doped,300,3.64E-19
nile red doped,300,3.18E-19
nile red doped,300,4.16E-19
nile red doped,300,3.87E-19
nile red doped,300,6.12E-19
nile red doped,300,6.11E-19
nile red doped,300,8.24E-19
nile red doped,300,4.89E-19
nile red doped,300,3.52E-19
nile red doped,300,6.94E-19
nile red doped,300,1.53E-18
nile red doped,300,1.06E-18
undoped,300,6.44E-19
undoped,300,3.32E-19
undoped,300,5.47E-19
undoped,300,9.57E-19
undoped,300,3.08E-19
undoped,300,2.80E-19
undoped,300,1.61E-18
undoped,300,5.83E-19
undoped,300,2.65E-19
undoped,300,4.21E-19
undoped,300,2.90E-19
undoped,300,4.39E-19
undoped,300,7.98E-19
Rhodamine doped,300,3.36E-19
Rhodamine doped,300,3.39E-19
Rhodamine doped,300,7.12E-19
Rhodamine doped,300,4.84E-19
Rhodamine doped,300,3.62E-19
Rhodamine doped,300,7.01E-19
Rhodamine doped,300,2.34E-19
Rhodamine doped,300,2.42E-19
Rhodamine doped,300,2.39E-19
Rhodamine doped,300,1.63E-19
Rhodamine doped,300,6.53E-19
Rhodamine doped,300,3.52E-19
Rhodamine doped,300,6.69E-19
Rhodamine doped,300,3.64E-19
Rhodamine doped,300,3.13E-19
nile red doped,400,6.41E-19
nile red doped,400,4.78E-19
nile red doped,400,4.59E-19
nile red doped,400,5.77E-19
nile red doped,400,9.51E-19
nile red doped,400,8.12E-19
nile red doped,400,9.33E-19
nile red doped,400,1.42E-18
nile red doped,400,4.07E-19
nile red doped,400,1.72E-18
nile red doped,400,1.83E-18
nile red doped,400,1.72E-18
undoped,400,8.92E-19
undoped,400,3.85E-19
undoped,400,6.88E-19
undoped,400,1.17E-18
undoped,400,4.24E-19
undoped,400,3.67E-19
undoped,400,1.18E-18
undoped,400,8.38E-19
undoped,400,3.02E-19
undoped,400,5.30E-19
undoped,400,3.62E-19
undoped,400,9.29E-19
undoped,400,1.82E-18
undoped,400,4.44E-19
Rhodamine doped,400,5.41E-19
Rhodamine doped,400,9.19E-19
Rhodamine doped,400,5.96E-19
Rhodamine doped,400,6.16E-19
Rhodamine doped,400,1.18E-18
Rhodamine doped,400,4.89E-19
Rhodamine doped,400,3.40E-19
Rhodamine doped,400,2.12E-19
Rhodamine doped,400,2.46E-19
Rhodamine doped,400,8.50E-19
Rhodamine doped,400,4.07E-19
Rhodamine doped,400,6.09E-19
Rhodamine doped,400,5.50E-19
Rhodamine doped,400,7.66E-19
nile red doped,500,7.62E-19
nile red doped,500,5.36E-19
nile red doped,500,5.36E-19
nile red doped,500,7.19E-19
nile red doped,500,7.51E-19
nile red doped,500,1.13E-18
nile red doped,500,9.25E-19
nile red doped,500,1.57E-18
nile red doped,500,1.23E-18
nile red doped,500,4.31E-19
nile red doped,500,2.60E-18
nile red doped,500,2.57E-18
nile red doped,500,2.32E-18
undoped,500,1.06E-18
undoped,500,3.93E-19
undoped,500,7.98E-19
undoped,500,1.45E-18
undoped,500,3.85E-19
undoped,500,7.92E-19
undoped,500,1.11E-18
undoped,500,9.78E-19
undoped,500,5.11E-19
undoped,500,5.98E-19
undoped,500,5.37E-19
undoped,500,7.80E-19
undoped,500,1.32E-18
Rhodamine doped,500,5.19E-19
Rhodamine doped,500,7.32E-19
Rhodamine doped,500,1.33E-18
Rhodamine doped,500,9.26E-19
Rhodamine doped,500,6.94E-19
Rhodamine doped,500,1.40E-18
Rhodamine doped,500,2.45E-19
Rhodamine doped,500,4.22E-19
Rhodamine doped,500,4.97E-19
Rhodamine doped,500,2.83E-19
Rhodamine doped,500,1.10E-18
Rhodamine doped,500,4.31E-19
Rhodamine doped,500,4.97E-19
Rhodamine doped,500,5.54E-19
Rhodamine doped,500,5.49E-19
nile red doped,600,9.97E-19
nile red doped,600,6.58E-19
nile red doped,600,7.91E-19
nile red doped,600,9.37E-19
nile red doped,600,7.78E-19
nile red doped,600,1.48E-18
nile red doped,600,1.34E-18
nile red doped,600,1.41E-18
nile red doped,600,2.22E-18
nile red doped,600,3.91E-19
nile red doped,600,3.09E-18
nile red doped,600,4.44E-18
nile red doped,600,2.55E-18
undoped,600,1.47E-18
undoped,600,4.52E-19
undoped,600,9.87E-19
undoped,600,1.71E-18
undoped,600,5.60E-19
undoped,600,8.10E-19
undoped,600,1.36E-18
undoped,600,1.20E-18
undoped,600,6.02E-19
undoped,600,6.86E-19
undoped,600,6.90E-19
undoped,600,8.16E-19
undoped,600,2.31E-18
Rhodamine doped,600,6.92E-19
Rhodamine doped,600,8.84E-19
Rhodamine doped,600,1.34E-18
Rhodamine doped,600,9.05E-19
Rhodamine doped,600,7.62E-19
Rhodamine doped,600,1.84E-18
Rhodamine doped,600,6.26E-19
Rhodamine doped,600,5.93E-19
Rhodamine doped,600,4.41E-19
Rhodamine doped,600,3.42E-19
Rhodamine doped,600,1.13E-18
Rhodamine doped,600,3.91E-19
Rhodamine doped,600,1.06E-18
Rhodamine doped,600,6.88E-19
Rhodamine doped,600,6.70E-19
nile red doped,700,1.15E-18
nile red doped,700,8.27E-19
nile red doped,700,9.68E-19
nile red doped,700,1.14E-18
nile red doped,700,9.92E-19
nile red doped,700,1.60E-18
nile red doped,700,1.40E-18
nile red doped,700,1.57E-18
nile red doped,700,2.30E-18
nile red doped,700,7.21E-19
nile red doped,700,2.37E-18
nile red doped,700,5.12E-18
nile red doped,700,2.42E-18
undoped,700,2.88E-18
undoped,700,4.59E-19
undoped,700,1.05E-18
undoped,700,1.86E-18
undoped,700,8.32E-19
undoped,700,9.38E-19
undoped,700,1.16E-18
undoped,700,1.05E-18
undoped,700,5.97E-19
undoped,700,8.88E-19
undoped,700,7.91E-19
undoped,700,9.62E-19
undoped,700,2.11E-18
Rhodamine doped,700,8.52E-19
Rhodamine doped,700,1.32E-18
Rhodamine doped,700,1.25E-18
Rhodamine doped,700,1.42E-18
Rhodamine doped,700,8.10E-19
Rhodamine doped,700,1.57E-18
Rhodamine doped,700,5.69E-19
Rhodamine doped,700,5.29E-19
Rhodamine doped,700,5.28E-19
Rhodamine doped,700,3.96E-19
Rhodamine doped,700,1.76E-18
Rhodamine doped,700,7.21E-19
Rhodamine doped,700,7.15E-19
Rhodamine doped,700,5.67E-19
Rhodamine doped,700,1.20E-18
nile red doped,800,1.24E-18
nile red doped,800,9.63E-19
nile red doped,800,1.22E-18
nile red doped,800,1.20E-18
nile red doped,800,8.33E-19
nile red doped,800,1.78E-18
nile red doped,800,1.43E-18
nile red doped,800,2.05E-18
nile red doped,800,1.90E-18
nile red doped,800,7.15E-19
nile red doped,800,4.19E-18
nile red doped,800,4.62E-18
nile red doped,800,2.88E-18
undoped,800,2.36E-18
undoped,800,4.59E-19
undoped,800,1.34E-18
undoped,800,2.94E-18
undoped,800,8.66E-19
undoped,800,1.33E-18
undoped,800,2.12E-18
undoped,800,1.69E-18
undoped,800,6.03E-19
undoped,800,9.53E-19
undoped,800,8.94E-19
undoped,800,1.45E-18
undoped,800,2.29E-18
Rhodamine doped,800,1.00E-18
Rhodamine doped,800,1.41E-18
Rhodamine doped,800,1.65E-18
Rhodamine doped,800,1.89E-18
Rhodamine doped,800,8.71E-19
Rhodamine doped,800,1.44E-18
Rhodamine doped,800,1.59E-18
Rhodamine doped,800,5.75E-19
Rhodamine doped,800,8.26E-19
Rhodamine doped,800,4.68E-19
Rhodamine doped,800,1.52E-18
Rhodamine doped,800,7.15E-19
Rhodamine doped,800,1.62E-18
Rhodamine doped,800,8.09E-19
Rhodamine doped,800,8.71E-19
nile red doped,900,1.50E-18
nile red doped,900,1.20E-18
nile red doped,900,1.72E-18
nile red doped,900,1.03E-18
nile red doped,900,1.28E-18
nile red doped,900,1.75E-18
nile red doped,900,2.03E-18
nile red doped,900,2.31E-18
nile red doped,900,2.90E-18
nile red doped,900,9.69E-19
nile red doped,900,4.46E-18
nile red doped,900,5.19E-18
nile red doped,900,3.41E-18
undoped,900,2.53E-18
undoped,900,4.50E-19
undoped,900,1.48E-18
undoped,900,2.74E-18
undoped,900,8.46E-19
undoped,900,1.55E-18
undoped,900,2.24E-18
undoped,900,1.47E-18
undoped,900,8.91E-19
undoped,900,1.26E-18
undoped,900,7.97E-19
undoped,900,8.44E-19
undoped,900,2.37E-18
Rhodamine doped,900,1.06E-18
Rhodamine doped,900,1.68E-18
Rhodamine doped,900,1.91E-18
Rhodamine doped,900,1.52E-18
Rhodamine doped,900,1.11E-18
Rhodamine doped,900,2.76E-18
Rhodamine doped,900,1.09E-18
Rhodamine doped,900,5.72E-19
Rhodamine doped,900,6.57E-19
Rhodamine doped,900,6.06E-19
Rhodamine doped,900,2.08E-18
Rhodamine doped,900,9.69E-19
Rhodamine doped,900,2.10E-18
Rhodamine doped,900,1.19E-18
Rhodamine doped,900,1.38E-18
nile red doped,1000,1.70E-18
nile red doped,1000,1.58E-18
nile red doped,1000,1.68E-18
nile red doped,1000,1.58E-18
nile red doped,1000,1.13E-18
nile red doped,1000,1.95E-18
nile red doped,1000,2.30E-18
nile red doped,1000,3.61E-18
nile red doped,1000,2.29E-18
nile red doped,1000,7.64E-19
nile red doped,1000,5.01E-18
nile red doped,1000,5.55E-18
nile red doped,1000,3.46E-18
undoped,1000,0.00E+00
undoped,1000,4.66E-19
undoped,1000,1.68E-18
undoped,1000,3.37E-18
undoped,1000,8.70E-19
undoped,1000,1.66E-18
undoped,1000,2.68E-18
undoped,1000,1.38E-18
undoped,1000,8.02E-19
undoped,1000,1.32E-18
undoped,1000,8.28E-19
undoped,1000,2.27E-18
undoped,1000,2.91E-18
Rhodamine doped,1000,1.30E-18
Rhodamine doped,1000,1.54E-18
Rhodamine doped,1000,2.31E-18
Rhodamine doped,1000,2.08E-18
Rhodamine doped,1000,1.51E-18
Rhodamine doped,1000,2.94E-18
Rhodamine doped,1000,1.24E-18
Rhodamine doped,1000,5.73E-19
Rhodamine doped,1000,9.72E-19
Rhodamine doped,1000,7.32E-19
Rhodamine doped,1000,2.03E-18
Rhodamine doped,1000,7.64E-19
Rhodamine doped,1000,4.45E-18
Rhodamine doped,1000,1.30E-18
Rhodamine doped,1000,8.50E-19
